{"energy": 0.135, "Twiss0": [1e-06, 1e-06, 4.16157667, 4.16157699, 1.66328017, 1.66328028]}